"YEAR"	"DATANUM"	"SERIAL"	"HHWT"	"GQ"	"PERNUM"	"PERWT"	"LABFORCE"	"OCC2010"	"IND1990"	"HRSWORK2"	"UHRSWORK"	"INCTOT"	"INCWAGE"	"main_occ"
2014	1	485557	14	1	1	13	2	8810	351	NA	50	110500	109000	24
2014	1	1288504	258	1	3	332	2	8740	372	NA	40	38000	38000	24
2014	1	159459	121	1	1	121	2	5610	411	NA	40	4800	4800	19
2014	1	318030	58	1	1	58	2	5550	412	NA	55	73000	73000	19
2014	1	247182	63	1	2	55	2	5000	672	NA	32	19800	19800	19
2014	1	1203255	30	1	1	30	2	120	710	NA	50	133000	133000	1
2014	1	501745	239	1	1	240	2	9920	992	NA	0	2200	0	27
2014	1	1246665	91	1	1	92	2	8320	893	NA	40	33004	31000	24
2014	1	1155011	51	1	3	98	2	8350	631	NA	40	23300	14400	24
2014	1	27462	54	1	1	55	2	2310	842	NA	60	35000	35000	10
2014	1	163992	69	1	1	69	2	520	591	NA	22	5800	400	2
2014	1	1331656	254	1	1	253	2	120	810	NA	47	70000	70000	1
2014	1	220087	140	1	1	139	2	5800	732	NA	40	56000	56000	19
2014	1	841668	167	1	2	194	2	4030	641	NA	50	12000	12000	15
2014	1	201710	275	1	2	425	2	2850	831	NA	60	131000	131000	11
2014	1	195754	64	1	1	64	2	5000	412	NA	48	69000	69000	19
2014	1	839066	151	1	1	150	2	3500	831	NA	40	63000	45000	12
2014	1	935833	64	1	2	72	2	4760	633	NA	40	18200	18200	18
2014	1	1195153	71	1	2	67	2	620	651	NA	40	50000	50000	2
2014	1	223513	71	1	2	58	2	3800	910	NA	40	45000	45000	14
2014	1	1229255	45	1	1	46	2	20	682	NA	50	70000	69000	1
2014	1	361938	10	1	1	10	2	2340	940	NA	60	49000	49000	10
2014	1	805032	436	1	3	393	2	9130	641	NA	50	15000	15000	25
2014	1	805977	33	1	1	34	2	9130	410	NA	50	40000	40000	25
2014	1	262802	53	1	1	53	2	4700	623	NA	40	42700	42700	18
2014	1	124366	45	1	1	45	2	430	471	NA	40	30000	30000	1
2014	1	347900	245	1	2	234	2	3910	702	NA	40	24000	24000	14
2014	1	245890	68	1	2	100	2	850	710	NA	0	0	0	3
2014	1	820443	111	1	1	111	2	5700	842	NA	35	21904	21900	19
2014	1	935020	65	1	2	87	2	1560	41	NA	50	47800	42400	6
2014	1	359356	84	1	1	85	2	3700	910	NA	40	115000	115000	14
2014	1	1018169	82	1	2	91	2	5820	710	NA	30	30000	30000	19
2014	1	728088	135	1	2	219	2	530	831	NA	40	31900	31900	2
2014	1	533655	69	1	3	98	2	520	550	NA	16	2000	2000	2
2014	1	493925	125	1	1	126	2	540	711	NA	45	78000	78000	2
2014	1	205284	178	1	1	178	2	4040	641	NA	12	4000	4000	15
2014	1	770190	30	4	1	30	2	4760	591	NA	20	3000	3000	18
2014	1	179506	186	1	2	241	2	5940	840	NA	40	33000	33000	19
2014	1	617724	437	1	1	437	2	5240	892	NA	40	60000	60000	19
2014	1	67246	98	1	1	98	2	1020	732	NA	85	130000	130000	4
2014	1	810790	24	1	2	21	2	4230	810	NA	25	13000	13000	16
2014	1	328885	151	1	1	152	2	9920	992	NA	0	0	0	27
2014	1	915896	22	1	1	22	2	2320	842	NA	55	77200	52000	10
2014	1	587793	61	1	1	61	2	5550	412	NA	50	65000	65000	19
2014	1	478973	59	1	1	58	2	2600	893	NA	4	22500	0	11
2014	1	1283497	74	1	1	75	2	2100	901	NA	40	103004	103000	9
2014	1	619813	162	1	1	162	2	2310	842	NA	40	59000	59000	10
2014	1	104564	101	1	2	76	2	430	682	NA	40	35400	0	1
2014	1	515831	44	1	3	38	2	2440	852	NA	20	13500	13500	10
2014	1	1188691	43	1	2	42	2	4920	712	NA	40	324000	200000	18
2014	1	246951	100	1	1	100	2	3600	831	NA	40	40000	40000	13
2014	1	1256437	22	1	2	28	2	4000	641	NA	37	28900	28900	15
2014	1	459513	26	1	2	15	2	3600	832	NA	37	23000	23000	13
2014	1	471404	13	1	1	12	2	4720	601	NA	20	4000	4000	18
2014	1	463068	59	1	1	59	2	430	60	NA	40	35000	35000	1
2014	1	1297059	95	1	4	77	2	2750	741	NA	30	2700	0	11
2014	1	1052551	39	1	2	29	2	8650	110	NA	40	24700	28900	24
2014	1	219491	71	1	3	99	2	5620	591	NA	10	4400	4400	19
2014	1	564378	343	1	1	343	2	220	60	NA	40	86000	86000	1
2014	1	1349256	17	1	1	17	2	9130	101	NA	50	52000	52000	25
2014	1	333649	55	1	2	47	2	7540	740	NA	40	40000	8000	23
2014	1	306208	94	1	2	83	2	4110	641	NA	40	35000	35000	15
2014	1	1319664	112	1	1	112	2	1320	352	NA	40	84060	84000	5
2014	1	547449	82	1	1	81	2	3250	12	NA	45	314000	314000	12
2014	1	1275597	145	1	2	260	2	4600	862	NA	15	1000	1000	17
2014	1	1323195	345	1	2	306	2	1710	941	NA	50	27400	27400	7
2014	1	444374	76	1	1	76	2	5510	410	NA	30	14000	0	19
2014	1	702189	56	1	3	100	2	4600	862	NA	27	14000	14000	17
2014	1	1082204	68	1	2	54	2	5860	942	NA	40	45600	45600	19
2014	1	1108477	512	1	1	513	2	6050	10	NA	50	25000	25000	20
2014	1	272906	342	1	1	342	2	9130	471	NA	50	40000	40000	25
2014	1	1043375	61	1	1	61	2	6200	60	NA	30	66000	0	21
2014	1	288250	258	1	1	258	2	4920	712	NA	40	45000	45000	18
2014	1	1271907	102	1	2	103	2	4760	612	NA	40	50000	50000	18
2014	1	157077	54	1	1	54	2	1320	352	NA	20	7200	0	5
2014	1	95357	64	1	1	64	2	7150	751	NA	40	25000	25000	23
2014	1	1328824	42	1	2	66	2	205	11	NA	30	76000	0	1
2014	1	990866	36	1	1	36	2	7700	882	NA	77	100000	100000	24
2014	1	457919	3	4	1	3	2	1050	850	NA	10	5000	5000	4
2014	1	910965	88	1	1	88	2	3160	840	NA	37	70000	70000	12
2014	1	1316347	82	1	1	82	2	710	172	NA	40	45000	45000	2
2014	1	645172	26	1	2	30	2	3500	840	NA	36	14400	14400	12
2014	1	966218	91	1	3	163	2	4760	691	NA	10	4000	4000	18
2014	1	85577	32	1	5	50	2	6260	60	NA	40	27000	27000	21
2014	1	498067	273	1	1	273	2	4700	623	NA	40	20000	20000	18
2014	1	749490	64	1	1	64	2	730	892	NA	50	6000	0	2
2014	1	1152082	112	1	1	111	2	710	892	NA	50	100000	100000	2
2014	1	362952	87	1	1	87	2	5700	20	NA	0	18500	0	19
2014	1	1104026	74	1	1	74	2	4920	712	NA	30	30600	30500	18
2014	1	1287445	76	1	2	64	2	20	732	NA	45	50000	50000	1
2014	1	369498	93	1	3	85	2	4760	661	NA	30	18000	18000	18
2014	1	465843	202	1	1	202	2	3130	831	NA	30	38000	38000	12
2014	1	939603	80	1	3	62	2	5110	311	NA	40	35000	35000	19
2014	1	133485	93	1	1	93	2	300	341	NA	40	455030	455000	1
2014	1	1282880	176	1	1	175	2	30	181	NA	50	120000	120000	1
2014	1	631250	90	1	1	90	2	1000	732	NA	40	77000	77000	4
2014	1	707034	28	1	1	28	2	6260	60	NA	40	39000	36000	21
2014	1	264016	76	1	3	90	2	4510	772	NA	40	9100	9100	17
2014	1	445836	79	1	1	79	2	9620	212	NA	40	52000	52000	25
2014	1	1101011	89	1	1	89	2	6400	502	NA	40	11000	11000	21
2014	1	255351	232	1	1	231	2	3060	831	NA	50	46500	46500	12
2014	1	319573	104	1	1	104	2	8750	660	NA	45	6800	0	24
2014	1	1026884	409	1	1	409	2	4700	623	NA	35	25900	17300	18
2014	1	463167	19	1	1	19	2	1050	842	NA	20	28700	19700	4
2014	1	911765	105	1	4	172	2	4000	641	NA	0	0	0	15
2014	1	120404	108	1	3	126	2	3600	812	NA	40	45000	45000	13
2014	1	950242	29	1	1	28	2	120	700	NA	43	71000	70000	1
2014	1	260196	64	1	2	62	2	8320	151	NA	40	16500	16500	24
2014	1	764125	316	1	1	317	2	430	60	NA	50	15000	0	1
2014	1	149061	239	1	1	239	2	1540	882	NA	40	165000	165000	5
2014	1	564669	38	1	3	66	2	4850	120	NA	40	45000	45000	18
2014	1	832024	112	1	1	112	2	9130	410	NA	8	600	600	25
2014	1	958179	39	1	2	41	2	1430	352	NA	55	64000	64000	5
2014	1	204116	65	1	4	61	2	9130	512	NA	25	14300	14300	25
2014	1	276018	50	1	1	50	2	5000	742	NA	30	10000	10000	19
2014	1	179092	48	1	1	47	2	7210	401	NA	40	38000	38000	23
2014	1	816443	28	1	3	34	2	8140	361	NA	40	30000	30000	24
2014	1	537062	39	1	1	39	2	2200	850	NA	40	79000	79000	10
2014	1	1040087	81	1	2	90	2	2720	893	NA	50	43000	43000	11
2014	1	118866	31	1	3	68	2	4620	832	NA	40	27000	27000	17
2014	1	1283902	70	1	1	69	2	7750	850	NA	40	26000	26000	24
2014	1	36207	52	1	6	43	2	6515	60	NA	30	12000	12000	21
2014	1	1194079	79	1	1	79	2	1020	732	NA	40	82000	82000	4
2014	1	288157	46	1	1	45	2	4700	601	NA	40	22000	22000	18
2014	1	449659	33	1	1	34	2	5120	712	NA	40	99200	94000	19
2014	1	1001815	46	1	1	47	2	4000	641	NA	40	15000	15000	15
2014	1	982171	81	1	2	87	2	3060	831	NA	55	360000	360000	12
2014	1	153546	119	1	2	102	2	310	641	NA	4	14000	12000	1
2014	1	76789	81	1	2	83	2	2600	562	NA	49	81400	80000	11
2014	1	52521	33	1	1	33	2	2200	850	NA	25	7000	7000	10
2014	1	626154	58	4	1	58	2	4430	810	NA	40	15800	15800	17
2014	1	1038100	62	1	1	62	2	1300	832	NA	50	87000	80000	5
2014	1	609314	96	1	1	96	2	4040	641	NA	50	6800	6800	15
2014	1	619997	61	1	2	82	2	3310	820	NA	30	20000	20000	12
2014	1	949365	328	1	1	328	2	4700	531	NA	35	9700	0	18
2014	1	228793	119	1	2	157	2	1000	941	NA	50	89000	89000	4
2014	1	420601	69	1	5	100	2	4110	641	NA	20	2400	1400	15
2014	1	952538	137	1	1	137	2	3930	740	NA	50	34000	22000	14
2014	1	1286350	144	1	2	200	2	9620	731	NA	40	10000	10000	25
2014	1	308899	52	1	1	52	2	1360	931	NA	40	94000	94000	5
2014	1	551329	110	1	2	191	2	410	712	NA	40	35000	35000	1
2014	1	750816	173	1	1	173	2	4700	682	NA	15	15000	15000	18
2014	1	1336709	267	1	1	267	2	2630	681	NA	10	31500	16000	11
2014	1	1169695	58	1	1	58	2	5240	42	NA	42	40500	40500	19
2014	1	161350	94	1	1	94	2	1530	882	NA	8	209600	0	5
2014	1	339270	297	1	1	297	2	3130	831	NA	40	84200	72000	12
2014	1	809680	83	1	2	67	2	2310	842	NA	40	70000	70000	10
2014	1	1194807	37	1	1	37	2	3540	470	NA	40	50000	50000	12
2014	1	576583	120	1	1	120	2	2200	850	NA	40	331500	132000	10
2014	1	1230163	82	1	1	82	2	4700	562	NA	40	125000	125000	18
2014	1	69872	94	1	1	94	2	1540	882	NA	80	45000	0	5
2014	1	1290486	102	1	1	102	2	3130	831	NA	36	80000	80000	12
2014	1	1164989	179	1	1	179	2	5840	812	NA	40	24000	24000	19
2014	1	952290	112	1	1	112	2	1020	850	NA	28	31700	31700	4
2014	1	1232671	104	1	1	104	2	620	731	NA	50	65000	65000	2
2014	1	1161194	106	1	2	135	2	2310	842	NA	24	14000	14000	10
2014	1	1218902	80	1	2	61	2	6260	60	NA	0	0	0	21
2014	1	85898	108	1	1	108	2	4700	531	NA	40	60000	60000	18
2014	1	385605	94	1	3	110	2	8965	340	NA	40	59000	59000	24
2014	1	1300389	76	1	2	100	2	5240	612	NA	50	24400	2000	19
2014	1	54463	86	1	2	118	2	2540	842	NA	15	600	600	10
2014	1	257672	91	1	1	92	2	3820	932	NA	40	54000	54000	14
2014	1	509999	65	1	1	65	2	4700	751	NA	40	42000	35000	18
2014	1	154286	131	1	2	134	2	700	550	NA	40	35000	35000	2
2014	1	208019	110	1	3	141	2	2310	842	NA	40	50150	50000	10
2014	1	30349	68	1	2	66	2	3050	541	NA	55	150000	150000	12
2014	1	536686	98	1	2	91	2	2310	842	NA	50	48600	46200	10
2014	1	1108295	16	1	2	15	2	4220	842	NA	50	30000	30000	16
2014	1	1051041	112	1	1	113	2	9620	411	NA	40	45000	45000	25
2014	1	1335448	68	1	1	68	2	3130	832	NA	35	40000	40000	12
2014	1	1273498	60	1	2	70	2	160	521	NA	50	60000	60000	1
2014	1	1275077	164	4	1	164	2	9300	942	NA	50	16000	16000	25
2014	1	1337022	251	1	2	234	2	5700	842	NA	40	20000	20000	19
2014	1	1080418	116	1	7	170	2	4220	870	NA	25	17700	8100	16
2014	1	807545	243	1	1	243	2	3600	932	NA	50	25000	25000	13
2014	1	145392	58	1	3	90	2	4230	831	NA	40	24000	24000	16
2014	1	111453	288	1	2	328	2	9920	992	NA	0	0	0	27
2014	1	232469	67	1	1	68	2	5120	641	NA	50	59000	40000	19
2014	1	535789	218	1	2	269	2	9130	471	NA	70	52000	52000	25
2014	1	749835	149	1	4	247	2	4030	762	NA	40	25200	25200	15
2014	1	354887	120	1	1	120	2	10	410	NA	70	180000	180000	1
2014	1	1324013	96	4	1	96	2	9300	942	NA	50	1200	1200	25
2014	1	106169	56	1	2	107	2	2200	850	NA	30	99000	99000	10
2014	1	212002	61	1	1	60	2	5620	601	NA	35	95600	91000	19
2014	1	830877	119	1	1	119	2	5000	871	NA	40	59800	45500	19
2014	1	775482	93	1	1	93	2	1320	352	NA	45	145000	145000	5
2014	1	1158354	105	1	3	166	2	2140	841	NA	40	35000	35000	9
2014	1	1044654	93	1	3	66	2	9620	410	NA	15	2500	2500	25
2014	1	77144	26	1	3	31	2	4130	641	NA	16	4600	4600	15
2014	1	984448	82	1	1	82	2	5700	910	NA	40	43100	34000	19
2014	1	886685	51	1	1	51	2	8530	242	NA	36	30000	30000	24
2014	1	863250	69	1	4	67	2	7330	901	NA	20	5000	5000	23
2014	1	250467	68	1	2	86	2	6050	11	NA	0	0	0	20
2014	1	501566	103	1	3	57	2	3030	831	NA	40	50000	50000	12
2014	1	843603	114	1	1	115	2	5700	892	NA	45	65000	65000	19
2014	1	778083	95	1	1	95	2	3820	910	NA	55	145000	145000	14
2014	1	1232316	115	1	2	134	2	6050	11	NA	10	6000	6000	20
2014	1	487499	135	1	4	97	2	4600	761	NA	2	11080	0	17
2014	1	68178	35	1	1	34	2	600	60	NA	40	52000	52000	2
2014	1	52135	94	1	1	95	2	1540	372	NA	45	96000	86000	5
2014	1	800950	166	1	1	166	2	130	722	NA	50	80000	0	1
2014	1	572161	67	1	1	67	2	2630	550	NA	45	38000	38000	11
2014	1	787501	96	1	1	96	2	4840	60	NA	50	130000	130000	18
2014	1	639987	54	4	1	54	2	4110	641	NA	15	1600	1600	15
2014	1	1286991	49	1	2	91	2	6355	60	NA	40	22500	22500	21
2014	1	67733	72	1	2	72	2	2100	841	NA	43	15000	15000	9
2014	1	1322762	56	1	5	103	2	4220	850	NA	40	4000	4000	16
2014	1	585621	87	1	3	80	2	9920	992	NA	0	0	0	27
2014	1	547582	98	1	1	98	2	4720	601	NA	10	28000	25000	18
2014	1	1321468	68	1	3	86	2	430	60	NA	20	40000	40000	1
2014	1	761384	88	1	3	134	2	6050	10	NA	50	25500	25000	20
2014	1	701890	44	1	4	32	2	4060	641	NA	15	1100	1100	15
2014	1	1192542	145	1	2	118	2	6230	60	NA	40	38400	38400	21
2014	1	1194008	89	1	1	90	2	10	892	NA	40	508000	410000	1
2014	1	753541	34	1	2	32	2	4200	722	NA	60	40000	0	16
2014	1	603355	74	1	1	74	2	6330	60	NA	48	4400	0	21
2014	1	813902	91	1	2	112	2	4110	641	NA	20	22300	22300	15
2014	1	348240	21	1	1	21	2	4220	601	NA	40	12000	12000	16
2014	1	390459	590	1	1	590	2	9360	940	NA	40	20000	20000	25
2014	1	978953	224	1	5	168	2	3400	840	NA	45	150000	150000	12
2014	1	953190	138	1	2	151	2	9130	410	NA	50	28900	20000	25
2014	1	1175037	149	1	1	148	2	6230	200	NA	50	50000	50000	21
2014	1	141082	82	1	1	82	2	9620	932	NA	30	8900	8900	25
2014	1	640126	34	1	1	35	2	3750	740	NA	50	50000	50000	14
2014	1	383707	62	1	1	63	2	6050	10	NA	40	22000	22000	20
2014	1	1115548	49	1	1	49	2	6440	60	NA	50	65000	65000	21
2014	1	1144644	70	1	1	71	2	4700	512	NA	50	430000	410000	18
2014	1	50254	48	1	11	68	2	3930	762	NA	0	1000	0	14
2014	1	156889	36	1	2	36	2	6260	60	NA	40	22800	13900	21
2014	1	866387	63	1	1	63	2	3130	831	NA	37	88000	88000	12
2014	1	1036872	139	1	1	139	2	4760	600	NA	27	14000	14000	18
2014	1	667579	230	1	2	201	2	1360	930	NA	40	60000	60000	5
2014	1	947530	19	1	2	24	2	220	60	NA	40	80200	79000	1
2014	1	1297170	130	1	2	116	2	4700	601	NA	40	24000	24000	18
2014	1	1116299	188	1	2	321	2	9130	641	NA	30	560	560	25
2014	1	982674	62	1	2	81	2	1720	352	NA	40	42900	42900	7
2014	1	25001	80	4	1	80	2	9830	940	NA	40	81000	81000	26
2014	1	257617	158	1	2	160	2	710	892	NA	40	60000	60000	2
2014	1	701222	59	1	2	49	2	3650	741	NA	40	20300	20300	13
2014	1	1296134	85	1	1	86	2	160	410	NA	40	60000	60000	1
2014	1	945465	87	1	2	51	2	3410	12	NA	40	30000	30000	12
2014	1	558307	20	1	1	20	2	6005	230	NA	60	35300	32300	20
2014	1	889600	182	1	1	182	2	7200	751	NA	60	84000	84000	23
2014	1	435153	169	1	2	188	2	9350	791	NA	40	35000	35000	25
2014	1	76443	98	1	1	97	2	5810	840	NA	30	25000	25000	19
2014	1	102689	130	1	2	180	2	1020	342	NA	45	118000	118000	4
2014	1	1109317	17	1	3	34	2	4110	641	NA	12	600	600	15
2014	1	910480	133	1	1	133	2	4920	712	NA	12	414800	379000	18
2014	1	1162768	56	1	2	56	2	5000	711	NA	45	132000	132000	19
2014	1	273675	29	1	2	37	2	3910	740	NA	26	10000	10000	14
2014	1	344907	201	1	2	174	2	7700	282	NA	40	80000	80000	24
2014	1	763073	77	1	1	77	2	430	791	NA	48	188000	150000	1
2014	1	530130	66	1	1	66	2	140	100	NA	45	110000	110000	1
2014	1	513208	35	1	2	32	2	7315	832	NA	55	69400	48000	23
2014	1	668819	16	1	1	15	2	8030	351	NA	40	40000	40000	24
2014	1	264079	179	1	1	179	2	6240	60	NA	40	3000	0	21
2014	1	104941	32	1	1	32	2	3820	910	NA	40	93000	52000	14
2014	1	978642	97	1	1	97	2	3030	831	NA	25	20000	20000	12
2014	1	705052	120	1	2	144	2	4760	580	NA	40	12000	12000	18
2014	1	724691	82	1	4	54	2	4000	641	NA	20	5000	5000	15
2014	1	272958	45	1	2	40	2	2100	841	NA	60	256000	0	9
2014	1	460147	185	1	7	177	2	4700	580	NA	40	25000	24000	18
2014	1	995305	156	1	2	148	2	6440	60	NA	35	20150	0	21
2014	1	439473	119	1	2	117	2	4610	870	NA	40	20300	20300	17
2014	1	453061	29	1	2	33	2	4920	712	NA	80	20000	0	18
2014	1	834495	178	1	3	160	2	5860	842	NA	40	61000	61000	19
2014	1	216177	84	1	2	74	2	6420	60	NA	70	36500	36500	21
2014	1	250416	26	1	2	24	2	5240	10	NA	40	2500	2500	19
2014	1	1192179	111	1	1	110	2	3500	840	NA	55	73200	66000	12
2014	1	950232	33	1	1	33	2	2320	842	NA	40	60000	60000	10
2014	1	264721	140	1	1	139	2	4720	641	NA	25	7000	7000	18
2014	1	694758	99	1	1	98	2	4700	691	NA	80	45000	0	18
2014	1	163109	79	1	1	79	2	2310	842	NA	40	65000	65000	10
2014	1	142373	132	1	2	220	2	5240	580	NA	40	20000	20000	19
2014	1	1225895	125	1	1	125	2	120	700	NA	50	70000	70000	1
2014	1	966242	301	1	2	471	2	9620	623	NA	40	56000	56000	25
2014	1	1129168	37	1	2	47	2	3060	831	NA	70	48000	48000	12
2014	1	959185	18	1	1	18	2	5120	271	NA	39	42000	42000	19
2014	1	890450	53	1	1	52	2	1020	633	NA	40	379000	379000	4
2014	1	198985	79	1	1	79	2	2540	842	NA	25	25000	25000	10
2014	1	487818	28	1	2	27	2	9140	842	NA	30	14000	14000	25
2014	1	1244344	58	1	1	58	2	4250	810	NA	40	28500	28500	16
2014	1	212393	38	1	2	35	2	9610	432	NA	40	25000	25000	25
2014	1	1113866	196	1	2	239	2	2320	842	NA	50	36000	36000	10
2014	1	786422	59	1	2	71	2	4760	663	NA	40	-6600	0	18
2014	1	1064708	24	1	4	19	2	9600	410	NA	35	16000	16000	25
2014	1	1119633	65	1	1	65	2	4150	641	NA	4	6100	3500	15
2014	1	820028	142	1	1	141	2	730	892	NA	40	587100	587000	2
2014	1	598880	80	1	1	80	2	2550	850	NA	44	96000	96000	10
2014	1	895573	104	1	1	104	2	4110	641	NA	30	8600	8600	15
2014	1	1069380	92	1	2	135	2	9920	992	NA	0	0	0	27
2014	1	1039825	26	1	1	25	2	2430	910	NA	37	48300	48000	10
2014	1	1025982	169	1	1	169	2	1020	732	NA	45	90000	90000	4
2014	1	410072	22	1	1	23	2	730	390	NA	40	27500	27500	2
2014	1	954235	51	4	1	51	2	4130	850	NA	8	300	300	15
2014	1	156533	107	1	1	106	2	4760	580	NA	34	150000	98000	18
2014	1	377991	237	1	3	246	2	4110	641	NA	21	6100	6100	15
2014	1	591792	111	1	1	111	2	430	502	NA	45	20000	10000	1
2014	1	1170225	73	1	2	56	2	9130	471	NA	40	50000	50000	25
2014	1	19809	38	1	3	50	2	5860	341	NA	40	28500	20000	19
2014	1	794822	122	1	1	122	2	5120	741	NA	16	7900	7200	19
2014	1	236482	43	1	1	43	2	7020	752	NA	35	10000	7000	23
2014	1	771074	123	1	1	123	2	1010	732	NA	15	108000	53000	4
2014	1	1041899	269	1	5	450	2	4000	871	NA	40	24000	24000	15
2014	1	707305	80	1	1	80	2	1000	500	NA	38	344000	344000	4
2014	1	676416	37	1	1	38	2	120	700	NA	55	157200	154000	1
2014	1	629390	215	1	3	247	2	4110	641	NA	0	0	0	15
2014	1	923988	78	1	1	77	2	2310	842	NA	23	5000	5000	10
2014	1	1122917	48	1	1	48	2	9920	992	NA	0	0	0	27
2014	1	849646	18	4	1	18	2	4250	872	NA	40	8200	4300	16
2014	1	313131	46	1	1	46	2	9720	531	NA	30	9500	0	25
2014	1	360455	93	1	2	96	2	220	60	NA	40	150000	150000	1
2014	1	948077	72	1	2	103	2	7750	351	NA	58	27600	27600	24
2014	1	1231978	41	1	2	35	2	4760	623	NA	70	3200	3200	18
2014	1	1352441	42	1	1	42	2	3130	831	NA	40	85000	85000	12
2014	1	932085	20	1	5	24	2	4720	631	NA	12	2000	2000	18
2014	1	443886	15	1	1	15	2	120	700	NA	40	55000	55000	1
2014	1	506963	109	1	1	108	2	2750	880	NA	3	24000	2000	11
2014	1	269495	31	1	1	32	2	7000	751	NA	45	60100	60000	23
2014	1	1263705	17	4	1	17	2	9610	810	NA	21	6000	6000	25
2014	1	1185427	82	1	2	69	2	9130	870	NA	40	16300	16300	25
2014	1	1206032	52	1	1	52	2	5240	732	NA	40	100000	100000	19
2014	1	206431	37	1	2	104	2	5620	831	NA	40	36000	36000	19
2014	1	179968	117	1	1	117	2	1320	362	NA	40	120000	120000	5
2014	1	1155246	134	1	2	122	2	1320	710	NA	30	115000	115000	5
2014	1	947899	98	1	2	126	2	6260	60	NA	0	19000	0	21
2014	1	635329	31	1	5	29	2	4220	641	NA	6	9600	1600	16
2014	1	480654	124	1	2	88	2	8230	172	NA	40	10000	10000	24
2014	1	617817	24	1	1	25	2	4000	910	NA	40	34000	34000	15
2014	1	1074139	100	1	1	100	2	4250	20	NA	40	24000	0	16
2014	1	418445	46	1	5	93	2	2900	440	NA	40	19500	19500	11
2014	1	376563	38	1	1	38	2	3600	832	NA	12	14000	5000	13
2014	1	182612	89	1	1	89	2	1020	441	NA	60	120000	90000	4
2014	1	1058286	52	1	2	54	2	800	390	NA	24	4500	4500	3
2014	1	812869	114	1	1	114	2	3730	910	NA	50	107000	107000	14
2014	1	731766	14	1	3	33	2	30	850	NA	40	50250	50000	1
2014	1	5253	281	1	1	281	2	20	641	NA	70	41500	41500	1
2014	1	1141478	153	1	1	153	2	2310	842	NA	40	21000	16000	10
2014	1	164317	66	1	2	62	2	8740	182	NA	50	110000	110000	24
2014	1	1289477	116	1	3	65	2	4720	641	NA	40	25000	25000	18
2014	1	358837	38	1	2	58	2	4760	612	NA	55	30000	30000	18
2014	1	363968	31	1	1	31	2	4760	642	NA	40	10000	10000	18
2014	1	1129725	14	1	1	14	2	9600	351	NA	40	22500	11000	25
2014	1	560311	153	1	2	130	2	620	601	NA	50	60000	60000	2
2014	1	797540	12	4	1	12	2	6765	940	NA	45	10200	10200	21
2014	1	892426	84	1	1	84	2	5350	682	NA	40	24000	24000	19
2014	1	198097	58	1	1	59	2	1460	300	NA	40	13000	13000	5
2014	1	487514	49	1	1	50	2	3130	761	NA	10	32400	7100	12
2014	1	1178022	55	1	7	44	2	9920	992	NA	0	0	0	27
2014	1	327313	87	1	2	87	2	3650	812	NA	60	39000	39000	13
2014	1	897583	124	1	2	95	2	1050	612	NA	40	75000	75000	4
2014	1	170154	132	1	1	132	2	8350	151	NA	40	36000	36000	24
2014	1	1093153	33	1	1	32	2	2310	842	NA	40	40000	40000	10
2014	1	203522	57	1	1	56	2	4230	901	NA	32	64000	15600	16
2014	1	227143	20	1	1	20	2	5620	661	NA	13	22300	5800	19
2014	1	748009	140	1	2	103	2	4110	810	NA	32	10000	8000	15
2014	1	660709	138	1	1	138	2	7700	110	NA	60	471000	459000	24
2014	1	654654	233	1	1	234	2	10	60	NA	60	60000	0	1
2014	1	682438	93	1	1	93	2	4760	542	NA	20	2200	600	18
2014	1	1291918	54	1	2	87	2	9130	410	NA	60	39000	0	25
2014	1	673743	181	1	1	180	2	6420	60	NA	26	28400	28400	21
2014	1	1087135	399	1	1	398	2	6320	60	NA	45	25000	25000	21
2014	1	21398	46	1	1	46	2	8220	351	NA	45	4800	4800	24
2014	1	1342562	35	1	1	35	2	720	850	NA	40	38000	38000	2
2014	1	886045	76	1	1	77	2	1020	831	NA	35	75000	75000	4
2014	1	1267901	21	1	2	13	2	9130	410	NA	70	45000	45000	25
2014	1	192716	67	1	3	58	2	8030	391	NA	40	46000	40000	24
2014	1	420080	109	1	1	109	2	3600	832	NA	72	64350	60000	13
2014	1	1033617	94	1	1	94	2	4760	630	NA	20	28600	15000	18
2014	1	336961	303	1	2	426	2	4110	641	NA	40	28000	28000	15
2014	1	1277973	131	1	1	132	2	10	892	NA	40	50000	50000	1
2014	1	420294	64	1	1	64	2	3130	842	NA	55	55000	55000	12
2014	1	518256	38	1	1	38	2	3130	831	NA	36	84000	84000	12
2014	1	404293	68	1	2	96	2	5120	841	NA	37	38000	38000	19
2014	1	37599	342	1	1	342	2	4810	711	NA	20	44000	44000	18
2014	1	23041	33	1	3	27	2	6260	60	NA	35	9600	8700	21
2014	1	685570	103	1	2	159	2	1740	930	NA	49	52800	48000	7
2014	1	223137	57	1	2	45	2	3700	910	NA	43	47000	47000	14
2014	1	200438	306	1	1	306	2	620	932	NA	40	36000	36000	2
2014	1	1072919	86	1	2	96	2	840	831	NA	40	50000	32000	3
2014	1	208456	62	1	1	62	2	4920	712	NA	40	30000	0	18
2014	1	345862	6	4	1	6	2	2340	862	NA	20	5400	0	10
2014	1	432278	27	1	4	39	2	4220	850	NA	30	13000	13000	16
2014	1	266641	89	1	1	89	2	3530	840	NA	40	35000	35000	12
2014	1	823551	74	1	2	68	2	6260	60	NA	40	1600	1600	21
2014	1	375241	89	1	4	157	2	5600	580	NA	29	10700	10700	19
2014	1	323982	52	1	2	88	2	430	800	NA	43	25000	25000	1
2014	1	910372	334	1	2	365	2	6660	882	NA	40	114000	114000	21
2014	1	154722	64	1	2	47	2	7750	682	NA	40	27000	0	24
2014	1	322872	97	1	2	64	2	8140	60	NA	40	24000	24000	24
2014	1	277369	338	1	3	806	2	2600	190	NA	55	72000	72000	11
2014	1	406370	137	1	1	137	2	620	582	NA	50	124500	122000	2
2014	1	821281	39	1	1	38	2	3520	682	NA	24	148000	0	12
2014	1	141129	128	1	2	111	2	4840	732	NA	70	150000	150000	18
2014	1	774114	64	1	1	64	2	1550	741	NA	0	4000	0	6
2014	1	1077068	131	1	2	268	2	3600	840	NA	29	19400	10900	13
2014	1	96666	134	1	1	133	2	5860	882	NA	40	41000	41000	19
2014	1	418300	99	1	1	98	2	5240	881	NA	28	25600	20000	19
2014	1	253574	40	1	4	75	2	4620	810	NA	2	1000	1000	17
2014	1	1157530	49	1	1	49	2	4850	541	NA	50	124700	117000	18
2014	1	437358	58	1	1	58	2	850	711	NA	40	185000	185000	3
2014	1	166921	67	1	1	67	2	4000	641	NA	40	16000	16000	15
2014	1	1010215	125	1	1	125	2	430	882	NA	1	330	330	1
2014	1	509766	20	1	1	20	2	9920	992	NA	0	0	0	27
2014	1	797240	81	1	2	136	2	2010	871	NA	40	34300	34300	8
2014	1	14940	54	1	1	54	2	30	231	NA	50	115000	100000	1
2014	1	280407	405	1	1	404	2	5400	831	NA	40	21000	21000	19
2014	1	704418	154	1	2	131	2	8965	191	NA	40	33600	33600	24
2014	1	14283	247	1	1	247	2	5700	831	NA	40	20000	20000	19
2014	1	656972	99	1	1	99	2	2630	721	NA	45	155100	155000	11
2014	1	1287313	177	1	1	176	2	9800	942	NA	55	140000	140000	26
2014	1	584828	73	1	3	131	2	9640	623	NA	35	35000	35000	25
2014	1	935390	86	4	1	86	2	5860	810	NA	25	7000	7000	19
2014	1	534645	67	1	2	92	2	7630	901	NA	40	35000	35000	23
2014	1	376697	42	4	1	42	2	4110	641	NA	20	6000	6000	15
2014	1	161142	45	1	2	49	2	4610	871	NA	12	4300	4300	17
2014	1	820077	27	1	2	25	2	5160	700	NA	40	21000	21000	19
2014	1	778621	78	1	1	78	2	8810	751	NA	45	38000	38000	24
2014	1	142517	42	1	2	38	2	2200	850	NA	50	61500	60000	10
2014	1	1251265	64	1	1	64	2	430	741	NA	40	103000	98000	1
2014	1	1260657	194	1	1	194	2	1020	732	NA	45	66010	66000	4
2014	1	84713	119	1	1	120	2	3150	842	NA	16	30000	30000	12
2014	1	343115	47	1	1	46	2	130	762	NA	47	4100	4000	1
2014	1	236123	124	1	1	124	2	2010	910	NA	40	46000	46000	8
2014	1	1281150	60	1	2	71	2	4110	641	NA	20	4000	4000	15
2014	1	31451	100	1	1	100	2	7220	60	NA	48	77000	77000	23
2014	1	527077	70	1	2	79	2	4950	171	NA	30	21000	10800	18
2014	1	129372	442	1	1	443	2	5350	901	NA	40	56000	56000	19
2014	1	773892	68	1	1	68	2	430	652	NA	37	54000	54000	1
2014	1	989149	31	1	1	31	2	4610	870	NA	40	12000	12000	17
2014	1	517557	44	1	1	43	2	4760	682	NA	35	14000	10000	18
2014	1	981373	76	1	2	103	2	4720	641	NA	30	480	480	18
2014	1	284545	41	1	1	42	2	120	700	NA	36	50000	50000	1
2014	1	919411	9	1	1	10	2	2010	871	NA	40	44100	44100	8
2014	1	263716	74	1	1	74	2	560	711	NA	45	38000	38000	2
2014	1	196302	77	1	1	77	2	130	731	NA	30	200000	200000	1
2014	1	184444	340	2	4	328	2	6240	60	NA	40	36000	36000	21
2014	1	401246	64	1	2	61	2	5700	441	NA	40	16000	16000	19
2014	1	428284	87	4	1	87	2	2000	850	NA	20	2300	2300	8
2014	1	537911	37	1	2	96	2	8300	762	NA	40	26000	26000	24
2014	1	563708	101	1	1	101	2	5860	812	NA	75	30000	30000	19
2014	1	716330	158	1	1	158	2	7220	432	NA	46	64000	64000	23
2014	1	1304677	69	1	3	73	2	8740	731	NA	40	20400	18000	24
2014	1	619170	92	1	1	93	2	430	732	NA	50	175000	145000	1
2014	1	132450	58	1	3	66	2	310	641	NA	40	50000	50000	1
2014	1	458312	65	1	1	64	2	4230	722	NA	40	6300	6300	16
2014	1	309062	55	1	1	54	2	5000	701	NA	40	100000	100000	19
2014	1	44152	63	1	4	65	2	4840	732	NA	40	35000	35000	18
2014	1	1031001	88	1	1	88	2	2340	850	NA	50	22100	18000	10
2014	1	940660	149	1	2	116	2	4000	850	NA	40	30000	30000	15
2014	1	704383	172	1	1	172	2	100	882	NA	45	73700	70000	1
2014	1	1220395	479	1	2	662	2	2040	880	NA	40	41500	41500	8
2014	1	659499	17	1	1	17	2	3400	840	NA	52	90000	90000	12
2014	1	515304	283	1	2	222	2	3800	910	NA	40	60000	60000	14
2014	1	1311187	45	1	2	81	2	7700	121	NA	40	40000	40000	24
2014	1	929334	14	1	1	14	2	620	922	NA	40	99000	99000	2
2014	1	885202	78	1	1	78	2	1060	850	NA	40	101800	101000	4
2014	1	755732	134	1	1	135	2	1540	320	NA	40	46800	46800	5
2014	1	685915	285	1	1	285	2	7315	850	NA	40	43000	43000	23
2014	1	175525	36	1	4	57	2	4110	641	NA	25	20000	20000	15
2014	1	282481	54	1	2	75	2	5240	632	NA	40	10000	10000	19
2014	1	815551	73	1	3	40	2	4600	761	NA	10	2500	2500	17
2014	1	802915	241	1	2	320	2	5620	591	NA	30	2300	2300	19
2014	1	614968	135	1	1	135	2	2200	850	NA	50	65000	55000	10
2014	1	219181	75	1	1	75	2	1820	842	NA	40	78000	78000	7
2014	1	385242	102	1	2	76	2	4110	641	NA	0	0	0	15
2014	1	436294	14	1	1	14	2	2540	842	NA	3	22000	22000	10
2014	1	592263	73	1	1	73	2	9130	400	NA	40	72000	72000	25
2014	1	1153587	35	1	1	35	2	4610	840	NA	40	22000	22000	17
2014	1	179039	115	1	1	114	2	120	700	NA	55	229000	219000	1
2014	1	164156	64	1	2	71	2	4050	641	NA	25	9000	9000	15
2014	1	663432	15	1	1	15	2	230	880	NA	20	15500	14000	1
2014	1	258422	39	1	2	42	2	430	831	NA	40	130000	130000	1
2014	1	235647	78	1	2	51	2	310	641	NA	40	35000	35000	1
2014	1	659557	30	1	1	30	2	5800	932	NA	40	74200	74000	19
2014	1	736480	41	1	1	41	2	6200	60	NA	40	52000	52000	21
2014	1	595637	16	4	1	16	2	5810	612	NA	5	500	500	19
2014	1	81760	58	1	3	102	2	5110	890	NA	45	27000	3000	19
2014	1	1147119	38	1	1	38	2	5550	412	NA	45	68500	57000	19
2014	1	1136520	158	1	2	152	2	430	732	NA	40	41600	41600	1
2014	1	988170	38	1	1	38	2	9920	992	NA	0	0	0	27
2014	1	313373	260	1	5	355	2	4840	410	NA	38	32300	32300	18
2014	1	208833	35	1	1	35	2	5700	892	NA	30	38000	0	19
2014	1	879898	45	1	1	45	2	4120	762	NA	20	10500	2500	15
2014	1	879088	66	1	1	66	2	710	711	NA	40	82000	82000	2
2014	1	230015	202	1	1	202	2	4110	641	NA	15	11200	11200	15
2014	1	527209	41	1	3	89	2	4150	762	NA	15	2500	2500	15
2014	1	874950	62	1	3	79	2	4760	630	NA	20	4000	4000	18
2014	1	189195	58	1	2	55	2	7720	342	NA	40	20000	20000	24
2014	1	270977	204	1	1	203	2	9640	510	NA	40	28000	28000	25
2014	1	247062	192	1	3	156	2	9920	992	NA	0	0	0	27
2014	1	425942	55	1	1	56	2	5700	841	NA	40	45000	45000	19
2014	1	809417	38	1	2	43	2	9100	840	NA	40	95000	95000	25
2014	1	1083848	94	1	2	108	2	20	582	NA	44	53000	53000	1
2014	1	558411	15	4	1	15	2	4760	682	NA	18	9000	9000	18
2014	1	401079	54	1	2	61	2	3720	910	NA	52	61200	52000	14
2014	1	429657	259	1	1	260	2	4000	641	NA	40	17200	17200	15
2014	1	968488	84	1	3	66	2	4700	601	NA	40	18000	18000	18
2014	1	951446	55	1	1	56	2	4965	591	NA	20	35100	11000	18
2014	1	559990	39	1	2	35	2	3030	831	NA	40	52000	52000	12
2014	1	738281	160	1	5	121	2	4700	630	NA	40	50000	50000	18
2014	1	1355359	85	1	2	122	2	3740	910	NA	50	60000	60000	14
2014	1	47138	60	1	1	60	2	1650	850	NA	40	112000	112000	7
2014	1	623562	22	1	2	33	2	5000	922	NA	40	60000	60000	19
2014	1	106568	221	1	2	198	2	5240	641	NA	45	36000	36000	19
2014	1	1010467	338	1	1	338	2	9620	212	NA	40	30600	30000	25
2014	1	274582	343	1	1	342	2	3600	870	NA	40	30000	30000	13
2014	1	878643	127	1	1	126	2	1020	712	NA	40	60000	60000	4
2014	1	975067	134	1	1	134	2	30	391	NA	50	100000	100000	1
2014	1	719244	68	1	3	101	2	4700	580	NA	8	3500	3500	18
2014	1	1266139	38	1	1	39	2	620	371	NA	50	75000	75000	2
2014	1	1229226	64	1	1	64	2	5860	641	NA	50	39000	39000	19
2014	1	1096019	78	1	2	84	2	5860	741	NA	40	33000	22000	19
2014	1	386731	67	1	1	68	2	9920	992	NA	0	0	0	27
2014	1	1250241	75	1	1	76	2	9030	421	NA	40	177000	120000	25
2014	1	412529	43	1	1	43	2	1820	840	NA	40	170000	170000	7
2014	1	65236	62	1	1	62	2	4700	581	NA	70	55000	55000	18
2014	1	423187	64	1	4	95	2	4610	840	NA	19	9400	9400	17
2014	1	1115623	92	4	1	92	2	2300	862	NA	25	6300	1600	10
2014	1	260989	49	1	2	51	2	30	732	NA	60	94600	100000	1
2014	1	1346190	89	1	2	75	2	6440	60	NA	50	30000	0	21
2014	1	496496	92	1	2	118	2	3320	840	NA	36	34400	34400	12
2014	1	332047	37	1	1	36	2	1550	412	NA	40	76400	75000	6
2014	1	511806	39	1	1	39	2	6710	60	NA	50	11700	11700	21
2014	1	1278955	64	1	1	64	2	1530	441	NA	44	426000	426000	5
2014	1	369049	151	1	1	150	2	10	810	NA	20	20000	0	1
2014	1	937095	127	1	1	127	2	4220	831	NA	40	30000	30000	16
2014	1	479176	47	1	2	64	2	4000	641	NA	25	600	600	15
2014	1	679681	46	1	1	46	2	2810	440	NA	45	30000	29000	11
2014	1	737922	225	1	1	225	2	3130	831	NA	45	64000	64000	12
2014	1	769621	106	1	2	88	2	5400	60	NA	4	22400	11000	19
2014	1	574059	39	1	1	39	2	8965	731	NA	40	19000	19000	24
2014	1	544479	203	1	1	203	2	4230	831	NA	40	12500	12500	16
2014	1	139284	116	1	3	117	2	5240	642	NA	24	13020	13000	19
2014	1	610875	128	1	1	128	2	5240	771	NA	30	9000	9000	19
2014	1	1061962	57	1	1	57	2	3060	812	NA	50	410000	410000	12
2014	1	759350	169	1	1	168	2	4000	641	NA	40	16700	16700	15
2014	1	543351	27	1	1	27	2	4720	642	NA	35	21900	21900	18
2014	1	1001311	24	1	1	24	2	9130	451	NA	50	38600	27000	25
2014	1	920874	26	1	2	38	2	1050	510	NA	45	75020	75000	4
2014	1	904237	67	1	1	67	2	4700	611	NA	60	24200	0	18
2014	1	475816	22	1	1	22	2	8965	450	NA	40	73000	73000	24
2014	1	1261217	290	1	2	178	2	5400	172	NA	40	50000	50000	19
2014	1	1167549	51	1	1	51	2	4940	881	NA	40	1500	1500	18
2014	1	284725	14	1	2	9	2	6050	10	NA	45	10500	10500	20
2014	1	308149	113	1	1	113	2	4800	721	NA	60	60400	41000	18
2014	1	917238	274	1	2	609	2	9620	731	NA	25	1000	1000	25
2014	1	481043	64	1	1	65	2	2100	841	NA	55	225000	65000	9
2014	1	308034	57	1	1	57	2	430	850	NA	40	56000	56000	1
2014	1	586860	109	1	3	142	2	6700	60	NA	45	50000	50000	21
2014	1	447050	95	1	1	95	2	3510	831	NA	40	40000	40000	12
2014	1	610576	76	1	1	76	2	4230	722	NA	1	1800	1800	16
2014	1	178001	106	4	1	106	2	9300	942	NA	40	18000	18000	25
2014	1	644338	338	1	1	338	2	9600	351	NA	34	10000	10000	25
2014	1	643957	53	4	1	53	2	4720	591	NA	20	23100	7100	18
2014	1	813534	114	1	1	114	2	4010	641	NA	40	45000	45000	15
2014	1	1082856	108	1	3	199	2	6710	60	NA	40	12200	12200	21
2014	1	865282	78	1	2	64	2	4700	540	NA	50	150000	150000	18
2014	1	636435	84	1	3	138	2	1300	882	NA	40	62000	62000	5
2014	1	170844	93	1	2	104	2	3640	820	NA	27	2900	2900	13
2014	1	608286	64	1	3	85	2	2010	871	NA	40	35000	35000	8
2014	1	1050053	68	1	1	67	2	350	840	NA	40	43000	43000	1
2014	1	1019254	58	1	2	69	2	4220	722	NA	40	14000	8000	16
2014	1	1227389	55	1	1	56	2	5240	741	NA	30	11000	8000	19
2014	1	253317	58	1	1	58	2	4200	771	NA	13	8000	8000	16
2014	1	1248697	158	1	2	211	2	3630	791	NA	35	29600	0	13
2014	1	1282819	126	1	2	123	2	2000	842	NA	40	75000	75000	8
2014	1	17371	55	1	1	55	2	4610	840	NA	40	5300	0	17
2014	1	350816	124	1	1	124	2	2010	711	NA	40	59000	59000	8
2014	1	795502	46	1	1	45	2	7220	42	NA	40	87000	81000	23
2014	1	565910	72	1	1	73	2	230	862	NA	55	50150	0	1
2014	1	653584	97	1	1	98	2	5000	831	NA	40	50000	50000	19
2014	1	240440	136	1	1	136	2	10	721	NA	45	200000	200000	1
2014	1	209418	103	1	3	100	2	7130	740	NA	70	55000	55000	23
2014	1	682751	84	1	1	84	2	2300	862	NA	40	34300	34300	10
2014	1	236305	103	4	1	103	2	7750	810	NA	20	1000	1000	24
2014	1	345270	89	1	1	89	2	2810	741	NA	30	55000	0	11
2014	1	138347	131	1	1	130	2	2000	871	NA	30	21000	7000	8
2014	1	783444	71	1	1	71	2	5240	840	NA	40	38000	38000	19
2014	1	1018015	59	1	2	56	2	5700	910	NA	40	40000	40000	19
2014	1	1119899	59	1	3	55	2	1010	351	NA	45	50000	50000	4
2014	1	1126316	113	1	1	113	2	9620	893	NA	35	24000	24000	25
2014	1	1261654	60	1	2	45	2	1740	932	NA	40	67000	67000	7
2014	1	1197230	89	1	3	173	2	2320	842	NA	50	50000	50000	10
2014	1	222262	43	1	2	40	2	3300	831	NA	20	40000	40000	12
2014	1	1290315	51	1	3	88	2	4610	840	NA	26	12000	12000	17
2014	1	735906	105	1	1	105	2	1000	870	NA	50	78000	78000	4
2014	1	903330	62	1	1	62	2	4850	530	NA	50	58000	58000	18
2014	1	1232506	103	1	2	98	2	530	512	NA	40	49000	40000	2
2014	1	122163	11	1	2	10	2	4220	842	NA	40	26000	26000	16
2014	1	1098240	100	1	1	100	2	310	641	NA	50	52000	52000	1
2014	1	1275078	34	1	2	42	2	2850	893	NA	25	97000	0	11
2014	1	752800	134	1	1	135	2	420	881	NA	40	65000	65000	1
2014	1	910550	56	1	2	61	2	5110	812	NA	40	32000	32000	19
2014	1	1214524	34	1	2	34	2	2140	841	NA	45	72000	72000	9
2014	1	1152652	25	1	1	26	2	9830	940	NA	40	90000	90000	26
2014	1	466742	111	1	1	112	2	4220	842	NA	40	51000	24000	16
2014	1	254227	85	1	1	85	2	30	700	NA	50	176000	156000	1
2014	1	1128362	71	1	2	94	2	7140	421	NA	40	167050	117000	23
2014	1	560740	140	1	3	203	2	4140	641	NA	25	350	0	15
2014	1	1277574	177	1	1	177	2	4250	20	NA	40	17000	17000	16
2014	1	679124	25	1	1	24	2	7700	392	NA	40	69000	45000	24
2014	1	1189214	184	1	1	184	2	20	931	NA	32	89000	47000	1
2014	1	470651	89	1	1	89	2	4965	762	NA	70	46000	46000	18
2014	1	1049799	146	1	2	131	2	7630	450	NA	40	82200	74000	23
2014	1	142756	126	1	2	147	2	4600	840	NA	18	12000	12000	17
2014	1	1178307	59	1	2	77	2	4700	641	NA	60	57000	57000	18
2014	1	563877	300	1	2	302	2	5700	841	NA	40	35000	35000	19
2014	1	642202	99	1	1	99	2	7360	450	NA	70	19000	15000	23
2014	1	510178	15	1	1	15	2	3820	910	NA	40	38000	38000	14
2014	1	918852	12	1	2	11	2	7340	842	NA	0	21000	0	23
2014	1	1220749	36	1	1	36	2	9100	401	NA	22	15390	11900	25
2014	1	35641	56	1	1	57	2	5140	60	NA	40	39000	39000	19
2014	1	806772	99	1	1	99	2	3320	831	NA	40	12000	12000	12
2014	1	255002	13	1	2	13	2	8250	171	NA	0	2700	0	24
2014	1	1240101	215	1	1	215	2	4840	741	NA	50	20000	20000	18
2014	1	1152052	99	1	2	167	2	6320	42	NA	99	100000	100000	21
2014	1	81668	79	1	3	85	2	5240	162	NA	40	40000	40000	19
2014	1	307107	112	1	1	112	2	5000	712	NA	42	30000	30000	19
2014	1	299739	136	1	1	136	2	6515	60	NA	40	100000	100000	21
2014	1	133616	56	1	2	69	2	4240	722	NA	40	14000	14000	16
2014	1	292013	25	1	1	25	2	310	641	NA	18	5000	5000	1
2014	1	27713	40	1	6	70	2	5400	762	NA	40	18000	18000	19
2014	1	564542	97	1	3	99	2	620	892	NA	20	42000	42000	2
2014	1	1198500	150	1	1	150	2	9130	410	NA	65	82000	82000	25
2014	1	1040538	17	1	2	14	2	3600	840	NA	40	18000	18000	13
2014	1	1214035	14	1	2	26	2	150	101	NA	50	24600	15000	1
2014	1	264211	80	1	1	80	2	4000	641	NA	40	21000	21000	15
2014	1	810790	24	1	3	22	2	5620	762	NA	15	9170	170	19
2014	1	597011	72	1	1	71	2	4760	631	NA	45	49020	49000	18
2014	1	683431	26	1	3	9	2	4220	850	NA	20	2100	2100	16
2014	1	1093270	105	1	2	147	2	2010	831	NA	35	35000	35000	8
2014	1	407207	60	1	2	80	2	8740	550	NA	40	5000	5000	24
2014	1	1277665	99	1	2	109	2	4840	410	NA	40	100000	100000	18
2014	1	992848	103	1	1	103	2	30	271	NA	60	86000	86000	1
2014	1	641601	29	1	2	24	2	3710	910	NA	40	60000	60000	14
2014	1	1050328	145	1	2	138	2	3000	821	NA	40	100000	100000	12
2014	1	415855	10	4	1	10	2	3950	810	NA	15	3000	3000	14
2014	1	1147021	112	1	3	112	2	4850	532	NA	40	10000	10000	18
2014	1	354980	325	1	3	422	2	9920	992	NA	0	0	0	27
2014	1	876805	36	1	2	39	2	4760	682	NA	40	32000	32000	18
2014	1	1117133	56	1	2	58	2	4220	880	NA	40	18000	18000	16
2014	1	587666	73	1	2	73	2	4510	772	NA	30	27700	25000	17
2014	1	55721	161	1	1	161	2	230	850	NA	50	11300	11300	1
2014	1	603167	41	1	3	49	2	2540	842	NA	40	6000	6000	10
2014	1	1318637	256	1	1	255	2	6940	42	NA	50	38400	36000	22
2014	1	577170	77	1	1	77	2	2200	850	NA	40	81300	63000	10
2014	1	34862	33	1	1	32	2	9920	992	NA	0	0	0	27
2014	1	81631	66	1	1	66	2	2100	841	NA	40	127000	122000	9
2014	1	1336124	38	1	2	40	2	4110	641	NA	28	11200	11200	15
2014	1	705253	135	1	1	135	2	9130	432	NA	35	18000	18000	25
2014	1	69606	65	1	2	61	2	4840	892	NA	40	150000	150000	18
2014	1	1159676	183	1	3	203	2	5860	612	NA	30	2200	2200	19
2014	1	697066	256	1	1	256	2	840	710	NA	40	104500	100000	3
2014	1	1070772	86	1	1	86	2	4720	550	NA	24	31200	11000	18
2014	1	1070059	212	1	1	212	2	4760	651	NA	40	15700	3700	18
2014	1	992778	19	1	2	23	2	4700	601	NA	40	22200	11400	18
2014	1	730377	36	1	1	37	2	1820	842	NA	40	50000	50000	7
2014	1	648554	45	1	2	57	2	430	421	NA	40	10000	10000	1
2014	1	247889	52	1	2	66	2	2100	841	NA	30	121640	0	9
2014	1	59449	43	1	2	52	2	9620	471	NA	60	30000	25000	25
2014	1	120998	114	1	1	114	2	3320	831	NA	36	80000	80000	12
2014	1	1106536	224	1	1	223	2	4500	780	NA	40	30000	0	17
2014	1	180427	53	1	2	47	2	6050	10	NA	30	11500	11500	20
2014	1	252181	27	1	4	31	2	530	411	NA	30	30000	30000	2
2014	1	477775	364	1	1	365	2	4110	641	NA	40	5000	5000	15
2014	1	596368	159	1	2	223	2	6400	60	NA	40	69000	69000	21
2014	1	684697	57	4	1	57	2	4720	641	NA	20	5000	5000	18
2014	1	1037224	84	1	1	83	2	9620	261	NA	40	36000	36000	25
2014	1	820965	104	1	1	105	2	2010	871	NA	30	34000	34000	8
2014	1	205747	136	1	1	136	2	4810	711	NA	40	455000	455000	18
2014	1	1174435	115	1	1	115	2	8760	441	NA	55	75000	72000	24
2014	1	192455	60	1	4	53	2	4720	601	NA	20	2300	2300	18
2014	1	1228418	269	1	1	269	2	7200	351	NA	50	80000	80000	23
2014	1	655398	78	1	2	56	2	4110	641	NA	40	10000	10000	15
2014	1	1094287	106	1	2	153	2	5700	702	NA	50	323000	323000	19
2014	1	1350199	180	1	1	180	2	9620	800	NA	30	17000	0	25
2014	1	923032	36	1	2	58	2	30	172	NA	40	750	750	1
2014	1	1218784	45	1	1	45	2	3710	910	NA	40	44000	44000	14
2014	1	45926	58	1	1	58	2	20	700	NA	40	75000	75000	1
2014	1	1352977	140	1	3	118	2	4250	20	NA	40	5000	5000	16
2014	1	385121	19	1	1	19	2	2310	842	NA	40	44000	44000	10
2014	1	579105	52	1	1	52	2	4500	780	NA	40	10900	10900	17
2014	1	1285763	67	1	2	71	2	3130	831	NA	40	72000	72000	12
2014	1	1286586	85	1	3	123	2	9130	550	NA	43	36000	36000	25
2014	1	250794	74	1	1	73	2	5540	412	NA	40	54000	54000	19
2014	1	469011	18	1	1	19	2	6240	60	NA	40	14000	20500	21
2014	1	1311595	64	1	1	64	2	1220	440	NA	40	60000	60000	4
2014	1	1239211	55	1	1	54	2	4610	870	NA	12	30500	3500	17
2014	1	468268	9	1	2	15	2	5610	300	NA	0	0	0	19
2014	1	223442	69	1	1	69	2	2760	641	NA	4	34130	3000	11
2014	1	522257	84	1	2	94	2	8740	842	NA	45	62000	40000	24
2014	1	566967	35	1	1	35	2	430	850	NA	30	150000	124000	1
2014	1	406064	226	1	2	238	2	3600	840	NA	7	700	700	13
2014	1	1104842	58	1	1	58	2	5620	591	NA	40	41000	41000	19
2014	1	675658	214	1	1	214	2	2630	850	NA	40	34000	32000	11
2014	1	1148678	257	1	2	322	2	2310	842	NA	35	55000	55000	10
2014	1	293993	80	1	2	100	2	1020	732	NA	30	42000	25000	4
2014	1	1094996	60	1	1	60	2	4700	620	NA	35	16800	16800	18
2014	1	311738	70	1	2	51	2	5260	612	NA	10	1200	1200	19
2014	1	444859	94	1	4	88	2	2310	842	NA	40	15000	15000	10
2014	1	979040	259	1	2	228	2	3730	910	NA	24	24000	24000	14
2014	1	701064	27	1	1	27	2	8965	231	NA	55	23800	0	24
2014	1	255188	222	1	1	221	2	7200	751	NA	40	30000	30000	23
2014	1	1315854	69	1	2	136	2	9620	601	NA	35	9000	9000	25
2014	1	1283406	90	1	1	90	2	5240	732	NA	40	100000	100000	19
2014	1	993696	52	1	1	52	2	8740	371	NA	40	40000	40000	24
2014	1	170022	64	1	2	66	2	5120	890	NA	20	30000	0	19
2014	1	155897	46	1	2	41	2	4850	121	NA	60	200000	200000	18
2014	1	1140760	216	1	1	217	2	4610	682	NA	40	33100	14400	17
2014	1	711159	41	1	2	85	2	4510	772	NA	20	1400	0	17
2014	1	233031	69	1	2	88	2	3400	831	NA	20	7000	7000	12
2014	1	378536	56	1	3	37	2	4965	623	NA	16	6400	6400	18
2014	1	368523	45	1	1	45	2	2310	842	NA	40	60000	60000	10
2014	1	1101035	52	1	1	52	2	800	762	NA	40	35000	35000	3
2014	1	648255	139	1	2	139	2	620	351	NA	40	29000	29000	2
2014	1	1216652	30	1	1	30	2	8300	831	NA	40	28000	28000	24
2014	1	153057	95	1	3	142	2	4600	881	NA	40	22000	22000	17
2014	1	509269	87	1	2	78	2	4040	641	NA	30	12000	12000	15
2014	1	1241310	78	1	1	78	2	7150	751	NA	50	51000	48000	23
2014	1	954286	47	1	2	45	2	7330	351	NA	50	80000	80000	23
2014	1	859339	56	1	1	56	2	560	700	NA	50	140000	140000	2
2014	1	1323693	83	1	1	83	2	4060	10	NA	30	8000	8000	15
2014	1	173518	90	1	1	89	2	2540	842	NA	33	21000	21000	10
2014	1	86860	130	1	1	130	2	4700	562	NA	40	88500	60000	18
2014	1	150505	110	1	1	110	2	730	840	NA	40	56100	53000	2
2014	1	114787	113	1	1	114	2	6050	10	NA	40	3000	3000	20
2014	1	72126	112	1	1	112	2	8740	882	NA	40	79000	67000	24
2014	1	682952	324	1	1	324	2	2400	872	NA	32	24700	24700	10
2014	1	135926	58	1	2	65	2	7240	760	NA	32	6000	6000	23
2014	1	814114	74	1	1	74	2	430	160	NA	17	5000	5000	1
2014	1	27071	174	1	1	173	2	350	840	NA	40	45000	45000	1
2014	1	651167	57	1	2	46	2	4920	712	NA	40	20000	20000	18
2014	1	472032	63	4	1	63	2	7750	342	NA	15	6000	6000	24
2014	1	254689	163	1	2	116	2	9920	992	NA	0	0	0	27
2014	1	18426	205	1	3	50	2	7750	300	NA	40	5800	5800	24
2014	1	211449	49	1	1	49	2	3500	831	NA	40	60000	60000	12
2014	1	114677	56	1	2	103	2	9920	992	NA	0	6100	0	27
2014	1	720985	195	1	1	196	2	1550	441	NA	79	57000	57000	6
2014	1	887445	67	1	1	67	2	3300	831	NA	40	88000	88000	12
2014	1	711121	43	1	2	40	2	910	931	NA	40	50000	50000	3
2014	1	718844	146	1	2	140	2	110	732	NA	40	85000	85000	1
2014	1	518142	124	1	1	124	2	1000	711	NA	40	87020	87000	4
2014	1	945186	75	1	2	77	2	2310	842	NA	40	38000	38000	10
2014	1	1099889	60	1	1	60	2	2000	842	NA	45	34000	34000	8
2014	1	569459	127	1	1	127	2	10	702	NA	45	101100	101000	1
2014	1	1064292	67	1	2	88	2	6260	60	NA	40	45000	45000	21
2014	1	700829	134	1	2	129	2	3060	812	NA	60	344000	344000	12
2014	1	1258294	86	1	1	86	2	4920	712	NA	40	75000	75000	18
2014	1	213921	69	1	1	70	2	2310	842	NA	10	63200	8200	10
2014	1	724320	22	1	1	22	2	5700	841	NA	38	35030	35000	19
2014	1	728211	185	1	2	194	2	220	60	NA	40	72900	71000	1
2014	1	164829	82	1	1	83	2	5400	840	NA	40	27000	27000	19
2014	1	1152365	48	1	2	66	2	6355	60	NA	40	44000	44000	21
2014	1	1331207	54	1	2	60	2	4720	601	NA	25	8200	8200	18
2014	1	611845	85	1	1	84	2	2750	893	NA	6	500	0	11
2014	1	888589	30	1	3	79	2	8800	351	NA	25	6000	6000	24
2014	1	1097917	68	1	1	69	2	2310	842	NA	50	37000	37000	10
2014	1	796701	145	1	1	145	2	1050	441	NA	40	23000	23000	4
2014	1	1249688	86	1	2	81	2	3640	820	NA	35	19000	19000	13
2014	1	78073	33	1	1	33	2	1820	831	NA	20	30000	30000	7
2014	1	486227	62	1	1	61	2	7720	731	NA	0	1200	0	24
2014	1	1254856	74	1	1	75	2	7150	751	NA	50	21800	0	23
2014	1	1270620	95	1	2	115	2	2310	842	NA	40	48600	48600	10
2014	1	1201648	89	1	2	67	2	230	860	NA	40	80300	49000	1
2014	1	488085	16	1	2	40	2	9620	181	NA	60	40000	40000	25
2014	1	503734	123	1	1	123	2	100	342	NA	45	70000	70000	1
2014	1	370710	197	1	2	259	2	9130	120	NA	55	30000	30000	25
2014	1	163555	73	1	2	69	2	620	711	NA	40	101000	100000	2
2014	1	548375	105	1	1	104	2	1740	930	NA	40	60000	60000	7
2014	1	569084	64	1	1	64	2	10	623	NA	60	225000	225000	1
2014	1	349478	14	1	1	13	2	7330	331	NA	40	84000	84000	23
2014	1	1039467	70	1	1	71	2	120	700	NA	40	60200	60000	1
2014	1	980164	114	1	1	114	2	2200	850	NA	50	112000	90000	10
2014	1	553054	242	1	2	390	2	7330	530	NA	40	70000	70000	23
2014	1	1316846	139	1	1	139	2	9130	410	NA	60	168000	150000	25
2014	1	957405	82	1	2	90	2	3130	831	NA	40	35000	35000	12
2014	1	85089	108	1	1	108	2	9640	550	NA	0	12000	0	25
2014	1	1042334	117	1	2	125	2	8640	120	NA	50	55000	55000	24
2014	1	742255	61	1	2	55	2	4760	631	NA	50	53060	51000	18
2014	1	402649	43	1	2	74	2	9920	992	NA	0	-4700	0	27
2014	1	903041	102	1	2	140	2	9920	992	NA	0	0	0	27
2014	1	1327820	78	1	1	79	2	3740	910	NA	40	40000	40000	14
2014	1	1281169	286	1	3	266	2	4130	842	NA	0	0	0	15
2014	1	292847	86	1	1	86	2	3250	12	NA	40	84500	60000	12
2014	1	316511	96	1	1	96	2	5700	781	NA	40	76000	76000	19
2014	1	672763	236	1	1	236	2	3600	832	NA	35	21100	21100	13
2014	1	656087	191	1	1	190	2	730	892	NA	40	24000	24000	2
2014	1	520732	32	1	2	34	2	4050	621	NA	30	10000	10000	15
2014	1	194676	128	1	1	128	2	3930	800	NA	50	33000	33000	14
2014	1	266916	63	1	2	58	2	4760	540	NA	40	115000	100000	18
2014	1	229666	37	1	1	37	2	5620	512	NA	50	35000	35000	19
2014	1	298449	82	1	2	106	2	800	810	NA	40	54000	54000	3
2014	1	364698	85	1	1	85	2	20	161	NA	50	90050	90000	1
2014	1	1066704	134	1	2	108	2	820	901	NA	40	86010	86000	3
2014	1	1274650	32	1	1	32	2	2200	850	NA	40	58000	58000	10
2014	1	638860	125	1	2	141	2	3250	12	NA	40	65000	65000	12
2014	1	251191	53	1	2	55	2	30	182	NA	40	100000	100000	1
2014	1	415994	71	1	1	71	2	4110	641	NA	25	6000	6000	15
2014	1	869876	130	1	2	131	2	710	892	NA	40	40000	40000	2
2014	1	910383	54	1	1	55	2	430	300	NA	40	125000	125000	1
2014	1	207235	41	1	2	36	2	5400	623	NA	30	22600	22600	19
2014	1	1060899	33	1	1	33	2	3820	910	NA	40	88600	85000	14
2014	1	1159566	346	1	1	347	2	3300	831	NA	47	30000	30000	12
2014	1	353976	19	4	1	19	2	6360	641	NA	26	12000	12000	21
2014	1	37580	73	1	1	73	2	110	352	NA	0	3500	0	1
2014	1	161943	191	1	3	294	2	2300	862	NA	40	37000	37000	10
2014	1	237128	80	1	1	80	2	5600	352	NA	50	88000	88000	19
2014	1	569466	56	1	1	56	2	4850	110	NA	40	45000	45000	18
2014	1	1125306	174	1	2	197	2	4700	612	NA	60	130000	130000	18
2014	1	1056256	73	1	2	83	2	6130	231	NA	40	45000	45000	20
2014	1	458440	55	1	2	71	2	3320	831	NA	40	55000	55000	12
2014	1	165828	75	1	1	75	2	5120	712	NA	0	0	0	19
2014	1	49072	106	1	1	107	2	7220	40	NA	40	71500	70000	23
2014	1	792130	59	1	1	59	2	2100	700	NA	30	160000	100000	9
2014	1	965358	75	1	1	75	2	3130	840	NA	36	59000	59000	12
2014	1	991509	92	1	1	92	2	8810	751	NA	50	65000	65000	24
2014	1	1219480	96	1	2	126	2	7700	100	NA	40	16600	16600	24
2014	1	724981	73	1	1	74	2	4760	691	NA	50	101000	100000	18
2014	1	113135	340	1	1	341	2	100	921	NA	47	27700	27700	1
2014	1	174030	81	1	1	81	2	800	890	NA	60	44500	0	3
2014	1	1129891	55	1	2	65	2	2330	842	NA	40	40000	40000	10
2014	1	741673	73	1	3	84	2	9100	840	NA	40	20000	20000	25
2014	1	249648	105	1	1	105	2	8220	300	NA	45	101200	100000	24
2014	1	882274	134	1	1	134	2	4000	641	NA	38	40000	31000	15
2014	1	97206	57	1	6	91	2	2310	842	NA	60	48000	48000	10
2014	1	1088792	73	1	1	74	2	4110	641	NA	40	11400	11400	15
2014	1	528856	121	1	1	121	2	140	711	NA	40	61500	61000	1
2014	1	1356394	33	1	1	33	2	5550	412	NA	43	43000	43000	19
2014	1	640159	147	1	2	152	2	2310	842	NA	45	65000	65000	10
2014	1	314072	189	1	2	149	2	5810	890	NA	45	30000	30000	19
2014	1	35462	62	1	4	56	2	4600	862	NA	25	2400	2400	17
2014	1	690252	157	1	1	156	2	5400	840	NA	40	20400	12000	19
2014	1	494302	233	1	1	234	2	5120	832	NA	40	38600	33000	19
2014	1	788256	137	1	1	136	2	5840	711	NA	50	40000	40000	19
2014	1	757667	63	1	1	63	2	3130	831	NA	36	80000	80000	12
2014	1	153989	220	1	3	262	2	9640	411	NA	40	16000	16000	25
2014	1	795326	84	1	3	110	2	4700	672	NA	50	150000	60000	18
2014	1	832317	236	1	4	185	2	9130	111	NA	30	21000	21000	25
2014	1	868123	125	1	1	125	2	1000	732	NA	40	108600	108000	4
2014	1	789681	20	1	2	30	2	5620	601	NA	35	21000	21000	19
2014	1	874607	114	1	1	114	2	10	231	NA	50	119600	103000	1
2014	1	520289	49	1	2	68	2	5700	20	NA	30	6000	0	19
2014	1	824622	112	1	3	134	2	4220	411	NA	45	33000	33000	16
2014	1	883769	69	1	1	70	2	9100	842	NA	10	29000	5000	25
2014	1	1129647	84	1	1	84	2	2750	893	NA	15	50000	50000	11
2014	1	825104	65	1	2	62	2	9620	400	NA	50	60000	60000	25
2014	1	6505	13	1	1	13	2	3510	832	NA	40	20000	20000	12
2014	1	1358224	120	1	2	121	2	4965	840	NA	40	102000	102000	18
2014	1	195009	116	1	3	176	2	4340	791	NA	40	44000	30000	17
2014	1	836577	35	1	1	35	2	2040	880	NA	48	19500	19500	8
2014	1	659814	162	1	1	162	2	4810	700	NA	40	60000	60000	18
2014	1	49553	30	1	2	28	2	10	722	NA	40	111300	100000	1
2014	1	806879	41	1	1	41	2	4920	712	NA	2	116000	0	18
2014	1	37103	56	1	1	55	2	5240	581	NA	20	14730	7300	19
2014	1	1327441	92	1	2	88	2	2310	842	NA	50	33500	32000	10
2014	1	758474	80	1	2	73	2	9100	842	NA	40	28600	28600	25
2014	1	1065557	50	1	1	50	2	530	60	NA	40	47500	47500	2
2014	1	729425	18	1	1	18	2	205	10	NA	60	12000	12000	1
2014	1	1148137	285	1	1	285	2	8740	322	NA	40	16000	16000	24
2014	1	380155	57	1	2	116	2	9600	351	NA	40	15200	15200	25
2014	1	3683	99	1	2	106	2	4510	772	NA	10	5400	2400	17
2014	1	127676	62	1	1	63	2	9240	400	NA	80	90000	90000	25
2014	1	1223842	40	1	1	39	2	3930	810	NA	7	47330	2000	14
2014	1	1279553	73	1	2	70	2	4700	580	NA	45	117000	117000	18
2014	1	615002	156	1	1	156	2	1650	850	NA	60	39320	39300	7
2014	1	589705	24	1	2	64	2	840	810	NA	40	50000	50000	3
2014	1	1110737	45	1	2	40	2	2000	842	NA	40	36000	36000	8
2014	1	636712	156	1	1	156	2	7150	751	NA	40	9000	9000	23
2014	1	901643	169	1	2	187	2	5260	712	NA	40	30000	30000	19
2014	1	664239	20	1	2	16	2	5120	151	NA	40	32000	32000	19
2014	1	1061753	35	1	3	72	2	3820	910	NA	25	1000	1000	14
2014	1	795670	9	1	1	9	2	8620	470	NA	40	47000	47000	24
2014	1	389837	90	1	2	116	2	7340	942	NA	60	38000	38000	23
2014	1	1274737	106	1	1	105	2	800	60	NA	40	72000	72000	3
2014	1	966335	316	1	2	137	2	2100	262	NA	40	190000	190000	9
2014	1	700466	41	1	1	41	2	6050	11	NA	1	20	20	20
2014	1	1032287	38	1	1	38	2	230	842	NA	16	21200	21000	1
2014	1	1210511	58	1	2	70	2	430	810	NA	40	75000	75000	1
2014	1	175864	106	1	1	106	2	1020	732	NA	40	70000	70000	4
2014	1	778653	58	1	2	56	2	2310	842	NA	35	61400	60000	10
2014	1	401569	90	1	1	90	2	120	702	NA	40	36000	36000	1
2014	1	723726	73	1	1	73	2	4140	641	NA	10	1000	1000	15
2014	1	914847	441	1	1	441	2	9130	60	NA	40	28000	28000	25
2014	1	383877	75	1	1	75	2	620	901	NA	40	46400	46400	2
2014	1	518757	342	1	1	342	2	4700	601	NA	35	7000	7000	18
2014	1	488090	105	1	1	105	2	120	882	NA	42	82500	82000	1
2014	1	335882	249	1	2	242	2	3130	832	NA	32	18000	18000	12
2014	1	1223433	125	1	1	125	2	7800	641	NA	63	24800	24800	24
2014	1	368719	42	1	1	43	2	2100	910	NA	40	77000	77000	9
2014	1	1071590	36	1	1	36	2	7420	441	NA	40	82000	82000	23
2014	1	1025194	32	1	1	32	2	3500	831	NA	32	40000	40000	12
2014	1	286504	82	1	1	82	2	3130	831	NA	36	62000	62000	12
2014	1	380045	41	1	1	42	2	1550	850	NA	30	18000	18000	6
2014	1	997056	194	1	2	154	2	4000	641	NA	20	4000	4000	15
2014	1	1230996	109	1	2	113	2	430	741	NA	20	15000	0	1
2014	1	759560	60	1	2	65	2	5410	402	NA	40	31000	31000	19
2014	1	965271	55	1	1	55	2	9620	211	NA	36	47500	24700	25
2014	1	471865	71	1	1	72	2	4810	711	NA	45	125000	125000	18
2014	1	1232316	115	1	1	115	2	6050	11	NA	50	24000	24000	20
2014	1	988539	255	1	1	254	2	3130	831	NA	48	46000	46000	12
2014	1	419295	181	1	1	182	2	1240	181	NA	50	150000	150000	4
2014	1	1344519	29	1	1	29	2	1010	732	NA	40	191280	191000	4
2014	1	230213	58	1	1	59	2	800	712	NA	50	165120	165000	3
2014	1	415684	109	1	1	109	2	9600	351	NA	50	60000	60000	25
2014	1	1161111	121	1	3	181	2	5620	591	NA	40	25000	25000	19
2014	1	906005	44	1	1	43	2	2010	871	NA	40	30000	30000	8
2014	1	880293	41	1	2	39	2	800	641	NA	25	47500	20000	3
2014	1	446632	80	1	1	80	2	4810	711	NA	40	181000	180000	18
2014	1	495406	24	1	4	42	2	8220	331	NA	40	38000	38000	24
2014	1	443854	132	1	1	133	2	5240	550	NA	40	45200	41200	19
2014	1	265104	132	1	2	183	2	9620	631	NA	12	200	200	25
2014	1	560492	118	1	2	136	2	2430	842	NA	40	34000	34000	10
2014	1	73280	77	1	1	77	2	4610	922	NA	20	3000	3000	17
2014	1	237412	320	1	1	320	2	6230	60	NA	40	60000	60000	21
2014	1	675144	378	1	1	378	2	8740	100	NA	45	45000	45000	24
2014	1	336610	92	1	2	77	2	430	910	NA	40	150000	150000	1
2014	1	1193001	68	1	2	73	2	4840	732	NA	60	130000	130000	18
2014	1	280147	105	1	1	105	2	6660	901	NA	40	66000	66000	21
2014	1	992173	81	1	1	81	2	4720	652	NA	60	20000	20000	18
2014	1	1192828	61	1	1	61	2	9130	60	NA	40	3800	3800	25
2014	1	540060	89	1	1	89	2	9140	402	NA	40	38000	38000	25
2014	1	862558	119	1	1	120	2	3060	812	NA	40	320000	320000	12
2014	1	407024	123	1	1	123	2	7000	441	NA	50	37500	36000	23
2014	1	74538	86	1	2	110	2	7340	932	NA	40	8000	8000	23
2014	1	1054258	100	1	1	100	2	1010	732	NA	38	60000	60000	4
2014	1	1038481	39	1	2	38	2	950	841	NA	16	40000	19700	3
2014	1	1151447	100	1	3	112	2	2900	741	NA	40	40000	40000	11
2014	1	504784	186	1	1	187	2	10	842	NA	50	158800	95000	1
2014	1	230287	35	1	2	43	2	8140	331	NA	45	50000	50000	24
2014	1	677276	18	1	2	15	2	4920	712	NA	40	65000	0	18
2014	1	297368	95	1	2	103	2	2600	791	NA	20	103500	20000	11
2014	1	1061200	164	1	1	164	2	2310	842	NA	50	70000	70000	10
2014	1	1326886	58	1	3	84	2	4720	601	NA	40	125000	125000	18
2014	1	866471	27	1	2	21	2	7950	331	NA	40	1400	1400	24
2014	1	97844	258	1	1	258	2	7700	200	NA	45	45000	45000	24
2014	1	1055450	207	1	1	207	2	430	60	NA	40	289000	0	1
2014	1	377886	15	1	2	13	2	7010	850	NA	40	15000	15000	23
2014	1	1080313	59	1	2	61	2	7700	172	NA	40	63000	63000	24
2014	1	385299	12	1	2	11	2	3600	160	NA	20	34000	34000	13
2014	1	411064	70	1	1	70	2	8920	372	NA	50	55040	55000	24
2014	1	277301	41	1	1	41	2	3060	831	NA	85	52000	52000	12
2014	1	868060	113	1	1	113	2	6260	60	NA	40	35000	35000	21
2014	1	120727	63	1	2	66	2	4760	682	NA	40	30000	0	18
2014	1	1329776	251	1	1	252	2	7000	60	NA	40	23000	23000	23
2014	1	582595	56	1	1	55	2	5700	711	NA	40	50000	50000	19
2014	1	1080148	160	1	1	159	2	3410	642	NA	25	21700	21700	12
2014	1	1288656	118	1	1	118	2	2310	842	NA	40	37000	37000	10
2014	1	825923	126	1	1	127	2	9130	410	NA	55	60400	60000	25
2014	1	413442	68	1	3	145	2	5240	631	NA	40	20000	20000	19
2014	1	135494	98	1	2	131	2	1650	850	NA	40	15000	15000	7
2014	1	495168	96	1	1	96	2	205	10	NA	45	30000	0	1
2014	1	987152	100	1	4	80	2	3600	832	NA	56	10200	10200	13
2014	1	490852	39	1	1	39	2	6260	10	NA	10	3150	3000	21
2014	1	126211	89	1	3	86	2	800	850	NA	40	30000	30000	3
2014	1	180005	243	1	4	218	2	5240	633	NA	40	30000	30000	19
2014	1	134404	115	1	2	163	2	4240	722	NA	40	25000	25000	16
2014	1	1239171	181	1	1	181	2	910	700	NA	40	48100	38500	3
2014	1	379197	117	1	3	82	2	2340	860	NA	24	8600	8600	10
2014	1	927928	47	1	1	48	2	4760	660	NA	16	16050	9300	18
2014	1	782641	49	1	1	48	2	10	712	NA	38	101400	100000	1
2014	1	979822	125	1	1	125	2	430	732	NA	20	11100	11100	1
2014	1	777592	74	1	4	85	2	20	712	NA	37	45300	45300	1
2014	1	1208777	111	1	1	111	2	8140	331	NA	45	45000	45000	24
2014	1	455373	323	1	2	207	2	4900	893	NA	29	9700	9700	18
2014	1	303186	90	1	1	90	2	2100	940	NA	50	100000	100000	9
2014	1	457360	29	1	1	29	2	5610	601	NA	40	22000	22000	19
2014	1	146130	186	1	1	187	2	2630	791	NA	65	60000	0	11
2014	1	1353573	30	1	4	26	2	5620	601	NA	15	19500	1500	19
2014	1	1199225	282	1	1	282	2	2040	880	NA	40	13000	13000	8
2014	1	1124237	142	1	2	127	2	5940	871	NA	34	15000	11000	19
2014	1	1309910	46	1	1	46	2	5330	700	NA	40	90000	90000	19
2014	1	1051762	51	1	1	51	2	2630	810	NA	40	25000	25000	11
2014	1	1268505	76	1	2	121	2	4650	791	NA	60	90000	90000	17
2014	1	195844	66	1	2	66	2	8140	60	NA	40	73200	60000	24
2014	1	1305883	85	1	10	104	2	7100	932	NA	40	42000	42000	23
2014	1	1260009	32	1	2	29	2	3640	820	NA	18	1800	1800	13
2014	1	732400	193	1	1	193	2	7700	110	NA	45	101200	74000	24
2014	1	40472	249	1	1	249	2	310	641	NA	40	101000	101000	1
2014	1	1225465	91	1	2	53	2	4760	612	NA	70	68000	54000	18
2014	1	191877	57	1	1	56	2	4230	761	NA	20	11100	11100	16
2014	1	939483	73	1	1	73	2	8740	181	NA	40	33900	31000	24
2014	1	1114016	168	1	1	167	2	2320	842	NA	40	44700	44700	10
2014	1	963516	63	1	1	63	2	5550	412	NA	45	62000	62000	19
2014	1	554661	11	1	1	11	2	8550	231	NA	40	80000	60000	24
2014	1	432968	27	1	1	26	2	2310	842	NA	50	36000	36000	10
2014	1	938933	73	1	1	72	2	2300	842	NA	40	68000	68000	10
2014	1	1210565	54	1	1	53	2	4000	641	NA	40	48600	48000	15
2014	1	8717	123	1	1	123	2	3030	831	NA	40	55500	55000	12
2014	1	766350	99	1	1	100	2	4920	712	NA	60	30100	0	18
2014	1	1047363	19	1	1	19	2	3400	840	NA	40	40000	40000	12
2014	1	434605	88	1	1	88	2	730	881	NA	28	35000	35000	2
2014	1	1245438	52	1	2	106	2	2320	842	NA	40	22040	22000	10
2014	1	626368	80	1	3	65	2	3300	831	NA	8	1200	1200	12
2014	1	815153	140	1	1	140	2	2310	842	NA	40	30000	30000	10
2014	1	1172282	191	1	1	191	2	6320	60	NA	40	14200	14200	21
2014	1	510975	97	1	1	97	2	620	922	NA	40	66000	66000	2
2014	1	376342	67	1	1	66	2	9130	710	NA	40	30700	27700	25
2014	1	32472	11	1	1	12	2	6210	60	NA	60	10800	10800	21
2014	1	761800	81	1	2	84	2	3500	840	NA	20	13000	13000	12
